binID	Length	Mu	nMut	PvalRaw	QvalRaw	nSample	nMutSample	PvalM	QvalM	nEigenAll	nEigen	fscore	MuAdj	Pval	Qval
lncrna.ncrna::mitranscriptome::G043732::G043732	37029	3.6657554885641125e-06	2	0.1964058889217498	0.6912264358460225	2	2	0.1964058889217498	0.6912264358460225	2.0	2.0	7.968805	4.278435339364023e-06	0.2460596466780297	0.9842385867121188
lncrna.ncrna::gencode::SNHG14::ENSG00000224078.8	31843	1.0394428474898448e-05	2	0.5901761924265583	0.7869015899020777	2	2	0.5901761924265583	0.7869015899020777	2.0	2.0	10.390395	9.304289955358217e-06	0.5304839748793168	1.0
lncrna.ncrna::mitranscriptome::G046789::G046789	15071	1.352313233857695e-05	2	0.34561321792301125	0.6912264358460225	2	2	0.34561321792301125	0.6912264358460225	2.0	2.0	1.9462195000000002	6.4624940669431e-05	0.9801701930639741	1.0
lncrna.ncrna::gencode::TSIX::ENSG00000270641.1	36880	1.59524352397624e-05	2	0.8672461500625471	0.8672461500625471	2	2	0.8672461500625471	0.8672461500625471			0.0	inf	1.0	1.0
