binID	Length	Mu	nMut	PvalRaw	QvalRaw	nSample	nMutSample	PvalM	QvalM	nCaddAll	nCadd	fscore	MuAdj	Pval	Qval
lncrna.ncrna::mitranscriptome::G043732::G043732	37029	3.6657554885641125e-06	2	0.1964058889217498	0.6912264358460225	2	2	0.1964058889217498	0.6912264358460225	2.0	2.0	6.1625	5.039870997281405e-06	0.3081876556717183	0.9363644835640073
lncrna.ncrna::gencode::SNHG14::ENSG00000224078.8	31843	1.0394428474898448e-05	2	0.5901761924265583	0.7869015899020777	2	2	0.5901761924265583	0.7869015899020777	2.0	2.0	9.905999999999999	8.89027408785473e-06	0.5063074827511153	0.9363644835640073
lncrna.ncrna::mitranscriptome::G046789::G046789	15071	1.352313233857695e-05	2	0.34561321792301125	0.6912264358460225	2	2	0.34561321792301125	0.6912264358460225	2.0	2.0	3.6464999999999996	3.142056130999635e-05	0.7758551910440629	0.9363644835640073
lncrna.ncrna::gencode::TSIX::ENSG00000270641.1	36880	1.59524352397624e-05	2	0.8672461500625471	0.8672461500625471	2	2	0.8672461500625471	0.8672461500625471	2.0	2.0	6.7205	2.011121291269517e-05	0.9363644835640073	0.9363644835640073
