binID	Length	Mu	nMut	PvalRaw	QvalRaw	nSample	nMutSample	PvalM	QvalM	nCaddAll	nCadd	fscore	MuAdj	Pval	Qval
lncrna.ncrna::gencode::AC010091.1::ENSG00000233491.2	4688	4.789369551883148e-06	2	0.05096931515480429	0.09189133343552049	2	2	0.05096931515480429	0.10205714389040087	2.0	2.0	7.9985	4.1440606106986174e-06	0.0393748057629958	0.2625949246571644
lncrna.ncrna::gencode::COL6A4P1::ENSG00000230524.4	4570	5.219408815737422e-06	2	0.05669841327244493	0.09189133343552049	2	2	0.05669841327244493	0.10205714389040087	2.0	2.0	6.808	5.305887857220262e-06	0.058354427701592076	0.2625949246571644
lncrna.ncrna::mitranscriptome::G043277::G043277	4252	3.883557445762098e-06	3	0.002524535243804583	0.02272081719424125	2	2	0.029322970049386547	0.10205714389040087	3.0	3.0	3.668333333333333	7.326848987904677e-06	0.08973684329104806	0.2692105298731442
lncrna.ncrna::mitranscriptome::G015696::G015696	6058	1.1578916390815939e-06	2	0.005845998426643521	0.026306992919895845	2	2	0.005845998426643521	0.05261398583979169	2.0	2.0	0.9645	8.308487771649449e-06	0.19312301246618502	0.4007373538703974
lncrna.ncrna::gencode::NEAT1::ENSG00000245532.4	22719	2.4490794258999973e-06	3	0.061260888957013655	0.09189133343552049	2	2	0.22395201162642794	0.25194601307973147	3.0	3.0	6.948999999999999	2.439140723955778e-06	0.22263186326133189	0.4007373538703974
lncrna.ncrna::gencode::MALAT1::ENSG00000251562.3	8682	8.75829323673543e-06	4	0.03522900854316119	0.09189133343552049	4	4	0.03522900854316119	0.10205714389040087	4.0	4.0	2.976	2.036774053521457e-05	0.314592679192867	0.4718890187893005
lncrna.ncrna::mitranscriptome::G048956::G048956	9379	5.15568380793013e-06	2	0.1817802758123561	0.2045028102889006	2	2	0.1817802758123561	0.23371749747302925	2.0	2.0	1.7625	2.0244798013005867e-05	0.8064612569304989	0.9932677760114231
lncrna.ncrna::gencode::SNHG14::ENSG00000224078.8	31843	4.577921943980092e-06	2	0.676548719092381	0.676548719092381	2	2	0.676548719092381	0.676548719092381	2.0	2.0	4.301	7.3663990211340184e-06	0.8885639703260124	0.9932677760114231
lncrna.ncrna::gencode::FENDRR::ENSG00000268388.1	6707	4.950868637426711e-06	2	0.09983594829252648	0.12836050494753404	2	2	0.09983594829252648	0.14975392243878974	2.0	2.0	0.5185	6.608287688698704e-05	0.9932677760114231	0.9932677760114231
