binID	Length	Mu	nMut	PvalRaw	QvalRaw	nSample	nMutSample	PvalM	QvalM	nEigenAll	nEigen	fscore	MuAdj	Pval	Qval
lncrna.ncrna::mitranscriptome::G015696::G015696	6058	1.1578916390815939e-06	2	0.005845998426643521	0.026306992919895845	2	2	0.005845998426643521	0.05261398583979169	2.0	2.0	4.85036	1.5671486596540215e-06	0.010432437265001112	0.08789357674860777
lncrna.ncrna::gencode::COL6A4P1::ENSG00000230524.4	4570	5.219408815737422e-06	2	0.05669841327244493	0.09189133343552049	2	2	0.05669841327244493	0.10205714389040087	2.0	2.0	9.802545	3.4954148050790526e-06	0.02759518110638512	0.08789357674860777
lncrna.ncrna::mitranscriptome::G043277::G043277	4252	3.883557445762098e-06	3	0.002524535243804583	0.02272081719424125	2	2	0.029322970049386547	0.10205714389040087	3.0	3.0	6.567798333333333	3.881737612890822e-06	0.02929785891620259	0.08789357674860777
lncrna.ncrna::gencode::AC010091.1::ENSG00000233491.2	4688	4.789369551883148e-06	2	0.05096931515480429	0.09189133343552049	2	2	0.05096931515480429	0.10205714389040087	2.0	2.0	6.55241	4.7983678184898955e-06	0.051138708039559125	0.11506209308900804
lncrna.ncrna::gencode::MALAT1::ENSG00000251562.3	8682	8.75829323673543e-06	4	0.03522900854316119	0.09189133343552049	4	4	0.03522900854316119	0.10205714389040087	3.0	3.0	4.85036	1.1853913650929821e-05	0.08537238976268662	0.1536703015728359
lncrna.ncrna::gencode::NEAT1::ENSG00000245532.4	22719	2.4490794258999973e-06	3	0.061260888957013655	0.09189133343552049	2	2	0.22395201162642794	0.25194601307973147	1.0	1.0	4.85036	3.3147070158738415e-06	0.3391464941014113	0.5087197411521169
lncrna.ncrna::mitranscriptome::G048956::G048956	9379	5.15568380793013e-06	2	0.1817802758123561	0.2045028102889006	2	2	0.1817802758123561	0.23371749747302925	2.0	2.0	0.8825942	3.834788858199796e-05	0.9786026010547559	0.9999136199044169
lncrna.ncrna::gencode::SNHG14::ENSG00000224078.8	31843	4.577921943980092e-06	2	0.676548719092381	0.676548719092381	2	2	0.676548719092381	0.676548719092381	2.0	2.0	1.8098415	1.660519929288446e-05	0.9979970154856489	0.9999136199044169
lncrna.ncrna::gencode::FENDRR::ENSG00000268388.1	6707	4.950868637426711e-06	2	0.09983594829252648	0.12836050494753404	2	2	0.09983594829252648	0.14975392243878974	2.0	2.0	0.29273075	0.00011102717996680215	0.9999136199044169	0.9999136199044169
