binID	Length	Mu	nMut	PvalRaw	QvalRaw	nSample	nMutSample	PvalM	QvalM	nCaddAll	nCadd	fscore	MuAdj	Pval	Qval
gc19_pc.cds::gencode::HIST1H1C::ENSG00000187837.2	642	7.006346769875143e-07	2	2.2657302352620124e-05	0.00020391572117358113	2	2	2.2657302352620124e-05	0.00020391572117358113	2.0	2.0	11.9655	1.689987873042594e-06	0.00013098961087315485	0.0011789064978583938
gc19_pc.cds::gencode::DNMT3A::ENSG00000119772.12	2864	6.639906880810517e-06	3	0.003127983429055832	0.009383950287167497	3	3	0.003127983429055832	0.014075925430751245	3.0	3.0	34.300000000000004	5.587154484440283e-06	0.0019270057888513496	0.008671526049831074
gc19_pc.cds::gencode::SH2B3::ENSG00000111252.6	1957	4.6168473113368e-06	2	0.008394534911119298	0.018887703550018422	2	2	0.008394534911119298	0.025183604733357897	2.0	2.0	27.25	4.889920699319193e-06	0.009367328275890272	0.028101984827670817
gc19_pc.cds::gencode::RPS6KA3::ENSG00000177189.8	2193	7.152743920672154e-06	2	0.02369830407331103	0.042656947331959856	2	2	0.02369830407331103	0.053315082005176824	2.0	2.0	28.3	7.29472715123317e-06	0.024573387207447776	0.052666278179252686
gc19_pc.cds::gencode::TET2::ENSG00000168769.8	6165	7.152743920672154e-06	5	0.0006107142726405572	0.0027482142268825077	3	3	0.029619490002876014	0.053315082005176824	5.0	5.0	29.0022	7.118107535976537e-06	0.02925904343291816	0.052666278179252686
gc19_pc.cds::gencode::SGK223::ENSG00000182319.5	4132	7.152743920672154e-06	2	0.07353178843778063	0.11029768265667095	2	2	0.07353178843778063	0.11029768265667095	2.0	2.0	9.1695	2.2513853359496015e-05	0.4065826832859487	0.6098740249289231
gc19_pc.cds::gencode::LAMA2::ENSG00000196569.7	9369	6.6525726022263755e-06	2	0.24031664503521233	0.27035622566461387	2	2	0.24031664503521233	0.27035622566461387	2.0	2.0	16.6	1.156656348361645e-05	0.48327022445515366	0.6213474314423404
gc19_pc.cds::gencode::INADL::ENSG00000132849.14	5551	7.152743920672154e-06	2	0.12044538927525883	0.1548583576396185	2	2	0.12044538927525883	0.1548583576396185	2.0	2.0	8.685	2.3769807527910042e-05	0.588336202719514	0.6618782280594533
gc19_pc.cds::gencode::FSIP2::ENSG00000188738.9	20997	6.7344936816451764e-06	2	0.6257725635943214	0.6257725635943214	2	2	0.6257725635943214	0.6257725635943214	2.0	2.0	0.004	0.048592335090289866	0.9999999999999999	0.9999999999999999
