binID	Length	Mu	nMut	PvalRaw	QvalRaw	nSample	nMutSample	PvalM	QvalM	nEigenAll	nEigen	fscore	MuAdj	Pval	Qval
gc19_pc.cds::gencode::HIST1H1C::ENSG00000187837.2	642	7.006346769875118e-07	2	2.265730235261996e-05	0.00020391572117357966	2	2	2.265730235261996e-05	0.00020391572117357966	2.0	2.0	2.7841715000000002	2.032196357559523e-06	0.00018899421031241508	0.0017009478928117357
gc19_pc.cds::gencode::SH2B3::ENSG00000111252.6	1957	4.6168473113368e-06	2	0.008394534911119298	0.018887703550018422	2	2	0.008394534911119298	0.025183604733357897	1.0	1.0	8.74839	4.261744409130161e-06	0.007202201014466943	0.028509509998208258
gc19_pc.cds::gencode::DNMT3A::ENSG00000119772.12	2864	6.639906880810517e-06	3	0.003127983429055832	0.009383950287167497	3	3	0.003127983429055832	0.014075925430751245	3.0	3.0	5.383996	9.959264899703194e-06	0.009503169999402752	0.028509509998208258
gc19_pc.cds::gencode::TET2::ENSG00000168769.8	6165	7.152743920672154e-06	5	0.0006107142726405572	0.0027482142268825077	3	3	0.029619490002876014	0.053315082005176824	3.0	3.0	8.836308670000001	6.536899716759202e-06	0.023561683680695132	0.05301378828156405
gc19_pc.cds::gencode::INADL::ENSG00000132849.14	5551	7.152743920672154e-06	2	0.12044538927525883	0.1548583576396185	2	2	0.12044538927525883	0.1548583576396185	2.0	2.0	1.4329495	4.030990878751825e-05	0.8481396717534166	1.0
gc19_pc.cds::gencode::SGK223::ENSG00000182319.5	4132	7.152743920672154e-06	2	0.07353178843778063	0.11029768265667095	2	2	0.07353178843778063	0.11029768265667095	2.0	2.0	0.6844733000000001	8.438906768477293e-05	0.9666646944032165	1.0
gc19_pc.cds::gencode::LAMA2::ENSG00000196569.7	9369	6.652572602226364e-06	2	0.24031664503521163	0.2703562256646131	2	2	0.24031664503521163	0.2703562256646131	2.0	1.0	0.695031	7.729572430307734e-05	0.9997728045842103	1.0
gc19_pc.cds::gencode::FSIP2::ENSG00000188738.9	20997	6.7344936816451764e-06	2	0.6257725635943214	0.6257725635943214	2	2	0.6257725635943214	0.6257725635943214	2.0	1.0	0.24114485	0.00022552618955973912	0.9999999999999999	1.0
gc19_pc.cds::gencode::RPS6KA3::ENSG00000177189.8	2193	7.152743920672154e-06	2	0.02369830407331103	0.042656947331959856	2	2	0.02369830407331103	0.053315082005176824			0.0	inf	1.0	1.0
