id	p	q	method	tumor
enhancers::chr5:96081200-96082000::NA::NA	9.99999000001e-07	0.02352197647802352	ncDriver	Adenocarcinoma_tumors
enhancers::chr5:96081200-96082000::NA::NA	9.99999000001e-07	0.02448897551102449	ncDriver	Carcinoma_tumors
enhancers::chr5:96081200-96082000::NA::NA	5.999994000006e-06	0.05486394513605486	ncDriver	Female_reproductive_system_tumors
enhancers::chr15:37046400-37050400::NA::NA	0.00040899999999999997	0.08997999999999999	ncDriver	Lymph-BNHL
enhancers::chr14:106321400-106328800::NA::NA	9.99999000001e-07	0.026301973698026303	ncDriver	PANCAN
