binID	Length	Mu	nMut	PvalRaw	QvalRaw	nSample	nMutSample	PvalM	QvalM	nCaddAll	nCadd	fscore	MuAdj	Pval	Qval
enhancers::chr7:25671800-25672600::NA::NA	411	9.0545716544017e-06	2	0.0011329775901521102	0.002907403959491491	2	2	0.0011329775901521102	0.002907403959491491	2.0	2.0	13.695	1.0217054356946553e-05	0.0014366368215034781	0.010010846658476113
enhancers::chr13:54362200-54363000::NA::NA	684	1.0922314913937803e-05	3	0.0001419377628008496	0.0011355021024067968	3	3	0.0001419377628008496	0.0011355021024067968	3.0	3.0	5.523	3.056043145823091e-05	0.002730897087571641	0.010010846658476113
enhancers::chr12:64417800-64419200::NA::NA	415	1.017959930191428e-05	2	0.0014537019797457454	0.002907403959491491	2	2	0.0014537019797457454	0.002907403959491491	2.0	2.0	9.5075	1.6545663204029114e-05	0.003754067496928542	0.010010846658476113
enhancers::chr12:69822200-69824000::NA::NA	530	7.566425692229314e-06	2	0.0013124119658665767	0.002907403959491491	2	2	0.0013124119658665767	0.002907403959491491	2.0	2.0	7.1355	1.6386499590560245e-05	0.005912794388015728	0.011825588776031456
enhancers::chr12:54261400-54263800::NA::NA	1223	8.887616170385161e-06	2	0.00909051429282704	0.00909051429282704	2	2	0.00909051429282704	0.00909051429282704	2.0	2.0	16.4	8.374546011280761e-06	0.008114741177480225	0.012024175998782367
enhancers::chr18:29562800-29564600::NA::NA	853	6.089718563222943e-06	2	0.0021798021290113157	0.002911697459540279	2	2	0.0021798021290113157	0.002911697459540279	2.0	2.0	7.416	1.2689582441629576e-05	0.009018131999086776	0.012024175998782367
enhancers::chr18:24556200-24558600::NA::NA	725	9.362830893416166e-06	2	0.00367156438619776	0.004196073584226011	2	2	0.00367156438619776	0.004196073584226011	2.0	2.0	7.682500000000001	1.8833213993320315e-05	0.014006724190001351	0.016007684788572972
enhancers::chr7:8418000-8419200::NA::NA	482	1.0787418836197092e-05	2	0.0021837730946552094	0.002911697459540279	2	2	0.0021837730946552094	0.002911697459540279	2.0	2.0	2.3725	7.026372186742368e-05	0.0726592068264694	0.0726592068264694
