binID	Length	Mu	nMut	PvalRaw	QvalRaw	nSample	nMutSample	PvalM	QvalM	nCaddAll	nCadd	fscore	MuAdj	Pval	Qval
enhancers::chr7:25671800-25672600::NA::NA	411	8.659915357520353e-06	2	0.0010378167426942292	0.0029023942372415714	2	2	0.0010378167426942292	0.0029023942372415714	2.0	2.0	13.695	9.77172960924435e-06	0.0013162065243826895	0.009842732194729188
enhancers::chr13:54362200-54363000::NA::NA	684	1.0760605841441293e-05	3	0.0001358720023780831	0.0010869760190246648	3	3	0.0001358720023780831	0.0010869760190246648	3.0	3.0	5.523	3.0107972518423436e-05	0.0026191683477732376	0.009842732194729188
enhancers::chr12:64417800-64419200::NA::NA	415	1.1179392106858846e-05	2	0.0017470156366524668	0.0034940312733049337	2	2	0.0017470156366524668	0.0034940312733049337	2.0	2.0	9.5075	1.817070113860809e-05	0.004501524146536801	0.009842732194729188
enhancers::chr12:69822200-69824000::NA::NA	530	6.879669396774039e-06	2	0.0010883978389655893	0.0029023942372415714	2	2	0.0010883978389655893	0.0029023942372415714	2.0	2.0	7.1355	1.4899201332169909e-05	0.004921366097364594	0.009842732194729188
enhancers::chr12:54261400-54263800::NA::NA	1223	9.253852676129546e-06	2	0.009817429984180146	0.009817429984180146	2	2	0.009817429984180146	0.009817429984180146	2.0	2.0	16.4	8.719640174841395e-06	0.008765547362998265	0.014024875780797225
enhancers::chr18:24556200-24558600::NA::NA	725	9.875723157132403e-06	2	0.004071795280292023	0.004883400328523717	2	2	0.004071795280292023	0.004883400328523717	2.0	2.0	7.682500000000001	1.986489018912545e-05	0.015484194277818273	0.01980869754375635
enhancers::chr18:29562800-29564600::NA::NA	853	8.605256061382692e-06	2	0.0042729752874582526	0.004883400328523717	2	2	0.0042729752874582526	0.004883400328523717	2.0	2.0	7.416	1.7931387976073633e-05	0.017332610350786804	0.01980869754375635
enhancers::chr7:8418000-8419200::NA::NA	482	1.0816383747651714e-05	2	0.002195251934182791	0.0035124030946924656	2	2	0.002195251934182791	0.0035124030946924656	2.0	2.0	2.3725	7.045238446718602e-05	0.07299455872678381	0.07299455872678381
