binID	Length	Mu	nMut	PvalRaw	QvalRaw	nSample	nMutSample	PvalM	QvalM	nCaddAll	nCadd	fscore	MuAdj	Pval	Qval
enhancers::chr1:19447600-19451000::NA::NA	1020	1.1845930305092652e-05	2	0.005500615888798852	0.0068757698609985644	2	2	0.005500615888798852	0.0068757698609985644	2.0	2.0	5.064	1.1096670534808058e-05	0.0048487723391484215	0.015015062601295906
enhancers::chr18:9884400-9885000::NA::NA	575	1.6054845096694876e-05	2	0.003265550928475542	0.00544258488079257	2	2	0.003265550928475542	0.00544258488079257	2.0	2.0	3.4625	2.1995485540849526e-05	0.006006025040518363	0.015015062601295906
enhancers::chr4:79450000-79451400::NA::NA	464	1.6385368332151336e-05	2	0.0022364243133938208	0.00544258488079257	2	2	0.0022364243133938208	0.00544258488079257	2.0	2.0	1.7650000000000001	4.4038114310043216e-05	0.014970438664904332	0.024950731108173887
enhancers::chr11:104969600-104972200::NA::NA	1166	1.633932889169636e-05	2	0.013122040238716246	0.013122040238716246	2	2	0.013122040238716246	0.013122040238716246	2.0	2.0	1.794	4.3204500815797106e-05	0.07640992118376107	0.09551240147970133
enhancers::chr19:4429600-4432000::NA::NA	1166	5.486156925931471e-06	3	3.045317017305998e-05	0.0001522658508652999	2	2	0.0015948567486643447	0.00544258488079257	3.0	3.0	0.403	6.457737620233528e-05	0.148079344301638	0.148079344301638
