binID	Length	Mu	nMut	PvalRaw	QvalRaw	nSample	nMutSample	PvalM	QvalM	nCaddAll	nCadd	fscore	MuAdj	Pval	Qval
lncrna.ncrna::gencode::AC010091.1::ENSG00000233491.2	4688	4.883190974643827e-06	2	0.05274545881934412	0.0891789971733626	2	2	0.05274545881934412	0.1070147966080351	2.0	2.0	7.9985	4.626897473217875e-06	0.04794617699110608	0.2576087302897336
lncrna.ncrna::gencode::COL6A4P1::ENSG00000230524.4	4570	5.301452235028328e-06	2	0.058269082259458115	0.0891789971733626	2	2	0.058269082259458115	0.1070147966080351	2.0	2.0	6.808	5.901603415630022e-06	0.0701985940348908	0.2576087302897336
lncrna.ncrna::mitranscriptome::G015696::G015696	6058	6.375880329128011e-07	2	0.0018327276572144067	0.01649454891492966	2	2	0.0018327276572144067	0.01649454891492966	2.0	2.0	0.9645	5.009941342702172e-06	0.08586957676324451	0.2576087302897336
lncrna.ncrna::mitranscriptome::G043277::G043277	4252	4.603853914945995e-06	3	0.004056318762176135	0.01825343442979261	2	2	0.03991643913355639	0.1070147966080351	3.0	3.0	3.668333333333333	9.511465969614142e-06	0.1376352118159988	0.30967922658599734
lncrna.ncrna::gencode::NEAT1::ENSG00000245532.4	22719	2.1636190976545477e-06	3	0.04549878856570565	0.0891789971733626	2	2	0.18635777960486488	0.209652502055473	3.0	3.0	6.948999999999999	2.3596805375441823e-06	0.2121010035792411	0.381781806442634
lncrna.ncrna::gencode::MALAT1::ENSG00000251562.3	8682	1.0433972742682175e-05	4	0.059452664782241725	0.0891789971733626	4	4	0.059452664782241725	0.1070147966080351	4.0	4.0	2.976	2.657121949763622e-05	0.5039814038640924	0.7559721057961386
lncrna.ncrna::mitranscriptome::G048956::G048956	9379	5.080567087290709e-06	2	0.17776385425407645	0.199984336035836	2	2	0.17776385425407645	0.209652502055473	2.0	2.0	1.7625	2.184629434578729e-05	0.8387494253818394	0.9971599769983827
lncrna.ncrna::gencode::SNHG14::ENSG00000224078.8	31843	4.656770231049532e-06	2	0.685539297866761	0.685539297866761	2	2	0.685539297866761	0.685539297866761	2.0	2.0	4.301	8.205595105802158e-06	0.9207962637669476	0.9971599769983827
lncrna.ncrna::gencode::FENDRR::ENSG00000268388.1	6707	5.1439812766284625e-06	2	0.10636606103448357	0.13675636418719314	2	2	0.10636606103448357	0.15954909155172536	2.0	2.0	0.5185	7.518744628965117e-05	0.9971599769983827	0.9971599769983827
