method	positive_sup	true_positive_sup	false_positive_sup	precision_sup	recall_sup	F1_sup	positive_cv	true_positive_cv	false_positive_cv	precision_cv	recall_cv	F1_cv
ActiveDriver2	94	92	110	0.455445544554455	0.978723404255319	0.621621621621622	99	92	110	0.455445544554455	0.929292929292929	0.611295681063123
DriverPower	94	86	31	0.735042735042735	0.914893617021277	0.815165876777251	108	86	31	0.735042735042735	0.796296296296296	0.764444444444444
ExInAtor	94	71	35	0.669811320754717	0.75531914893617	0.71	115	71	35	0.669811320754717	0.617391304347826	0.642533936651584
dNdScv_NBR	94	92	66	0.582278481012658	0.978723404255319	0.73015873015873	105	92	66	0.582278481012658	0.876190476190476	0.699619771863118
MutSig	94	87	105	0.453125	0.925531914893617	0.608391608391608	102	87	105	0.453125	0.852941176470588	0.591836734693878
oncodriveFML	94	38	15	0.716981132075472	0.404255319148936	0.517006802721088	122	38	15	0.716981132075472	0.311475409836066	0.434285714285714
