method	positive_sup	true_positive_sup	false_positive_sup	precision_sup	recall_sup	F1_sup	positive_cv	true_positive_cv	false_positive_cv	precision_cv	recall_cv	F1_cv
ActiveDriver2	145	134	76	0.638095238095238	0.924137931034483	0.754929577464789	168	134	76	0.638095238095238	0.797619047619048	0.708994708994709
DriverPower	145	118	15	0.887218045112782	0.813793103448276	0.848920863309353	196	118	15	0.887218045112782	0.602040816326531	0.717325227963526
ExInAtor	145	85	24	0.779816513761468	0.586206896551724	0.669291338582677	188	85	24	0.779816513761468	0.452127659574468	0.572390572390572
dNdScv_NBR	145	131	44	0.748571428571429	0.903448275862069	0.81875	186	131	44	0.748571428571429	0.704301075268817	0.725761772853186
MutSig	145	128	70	0.646464646464647	0.882758620689655	0.746355685131195	177	128	70	0.646464646464647	0.72316384180791	0.682666666666667
oncodriveFML	145	52	15	0.776119402985075	0.358620689655172	0.490566037735849	199	52	15	0.776119402985075	0.261306532663317	0.390977443609023
