method	positive_sup	true_positive_sup	false_positive_sup	precision_sup	recall_sup	F1_sup	positive_cv	true_positive_cv	false_positive_cv	precision_cv	recall_cv	F1_cv
ActiveDriver2	132	119	83	0.589108910891089	0.901515151515151	0.712574850299401	150	119	83	0.589108910891089	0.793333333333333	0.676136363636364
DriverPower	132	101	16	0.863247863247863	0.765151515151515	0.811244979919679	178	101	16	0.863247863247863	0.567415730337079	0.684745762711864
ExInAtor	132	79	27	0.745283018867924	0.598484848484849	0.663865546218487	168	79	27	0.745283018867924	0.470238095238095	0.576642335766423
dNdScv_NBR	132	119	39	0.753164556962025	0.901515151515151	0.820689655172414	172	119	39	0.753164556962025	0.691860465116279	0.721212121212121
MutSig	132	114	78	0.59375	0.863636363636364	0.703703703703704	165	114	78	0.59375	0.690909090909091	0.638655462184874
oncodriveFML	132	54	16	0.771428571428571	0.409090909090909	0.534653465346535	183	54	16	0.771428571428571	0.295081967213115	0.426877470355731
