method	positive_sup	true_positive_sup	false_positive_sup	precision_sup	recall_sup	F1_sup	positive_cv	true_positive_cv	false_positive_cv	precision_cv	recall_cv	F1_cv
ActiveDriver2	123	116	86	0.574257425742574	0.943089430894309	0.713846153846154	145	116	86	0.574257425742574	0.8	0.668587896253602
DriverPower	123	101	16	0.863247863247863	0.821138211382114	0.841666666666667	175	101	16	0.863247863247863	0.577142857142857	0.691780821917808
ExInAtor	123	79	27	0.745283018867924	0.642276422764228	0.689956331877729	166	79	27	0.745283018867924	0.475903614457831	0.580882352941176
dNdScv_NBR	123	110	48	0.69620253164557	0.894308943089431	0.782918149466192	165	110	48	0.69620253164557	0.666666666666667	0.681114551083591
MutSig	123	108	84	0.5625	0.878048780487805	0.685714285714286	156	108	84	0.5625	0.692307692307692	0.620689655172414
oncodriveFML	123	39	14	0.735849056603774	0.317073170731707	0.443181818181818	183	39	14	0.735849056603774	0.213114754098361	0.330508474576271
