method	positive_sup	true_positive_sup	false_positive_sup	precision_sup	recall_sup	F1_sup	positive_cv	true_positive_cv	false_positive_cv	precision_cv	recall_cv	F1_cv
ActiveDriver2	141	133	77	0.633333333333333	0.943262411347518	0.757834757834758	161	133	77	0.633333333333333	0.826086956521739	0.716981132075472
DriverPower	141	117	16	0.879699248120301	0.829787234042553	0.854014598540146	189	117	16	0.879699248120301	0.619047619047619	0.726708074534162
ExInAtor	141	85	24	0.779816513761468	0.602836879432624	0.68	182	85	24	0.779816513761468	0.467032967032967	0.584192439862543
dNdScv_NBR	141	127	48	0.725714285714286	0.900709219858156	0.80379746835443	179	127	48	0.725714285714286	0.709497206703911	0.717514124293785
MutSig	141	126	72	0.636363636363636	0.893617021276596	0.743362831858407	172	126	72	0.636363636363636	0.732558139534884	0.681081081081081
oncodriveFML	141	40	11	0.784313725490196	0.283687943262411	0.416666666666667	199	40	11	0.784313725490196	0.201005025125628	0.32
