method	positive_sup	true_positive_sup	false_positive_sup	precision_sup	recall_sup	F1_sup	positive_cv	true_positive_cv	false_positive_cv	precision_cv	recall_cv	F1_cv
ActiveDriver2	94	93	109	0.46039603960396	0.98936170212766	0.628378378378378	106	93	109	0.46039603960396	0.877358490566038	0.603896103896104
DriverPower	94	85	32	0.726495726495726	0.904255319148936	0.805687203791469	116	85	32	0.726495726495726	0.732758620689655	0.729613733905579
ExInAtor	94	71	35	0.669811320754717	0.75531914893617	0.71	124	71	35	0.669811320754717	0.57258064516129	0.617391304347826
dNdScv_NBR	94	92	66	0.582278481012658	0.978723404255319	0.73015873015873	105	92	66	0.582278481012658	0.876190476190476	0.699619771863118
MutSig	94	87	105	0.453125	0.925531914893617	0.608391608391608	105	87	105	0.453125	0.828571428571429	0.585858585858586
oncodriveFML	94	44	26	0.628571428571429	0.468085106382979	0.536585365853659	122	44	26	0.628571428571429	0.360655737704918	0.458333333333333
