binID	Length	Mu	nMut	PvalRaw	QvalRaw	nSample	nMutSample	PvalM	QvalM	nEigenAll	nEigen	fscore	MuAdj	Pval	Qval
gc19_pc.promCore::gencode::TMPRSS3::ENSG00000160183.9	741	0.00023674449191560213	2	0.6217365961058848	0.9999999999999999	2	2	0.6217365961058848	0.9999999999999999	2.0	2.0	5.8811195000000005	0.0006150189961170819	0.972756176518329	0.9999999999999999
gc19_pc.promCore::gencode::MTG2::ENSG00000101181.13	408	0.7573400583154651	2	0.9999999999999999	0.9999999999999999	2	2	0.9999999999999999	0.9999999999999999	2.0	2.0	15.4659	0.7481425947208716	0.9999999999999999	0.9999999999999999
gc19_pc.promCore::gencode::TERT::ENSG00000164362.14	252	0.9190633948445684	11	0.9999999999999999	0.9999999999999999	11	11	0.9999999999999999	0.9999999999999999	11.0	11.0	14.839818181818176	0.9462056557505374	0.9999999999999999	0.9999999999999999
