binID	Length	Mu	nMut	PvalRaw	QvalRaw	nSample	nMutSample	PvalM	QvalM	nCaddAll	nCadd	fscore	MuAdj	Pval	Qval
gc19_pc.promCore::gencode::TMPRSS3::ENSG00000160183.9	741	0.00023674449191560213	2	0.6217365961058848	0.9999999999999999	2	2	0.6217365961058848	0.9999999999999999	2.0	2.0	4.4425	0.00046073309807454025	0.9153128877881417	1.0
gc19_pc.promCore::gencode::MTG2::ENSG00000101181.13	408	0.7573400583154651	2	0.9999999999999999	0.9999999999999999	2	2	0.9999999999999999	0.9999999999999999	2.0	2.0	9.757	0.6710758171375084	0.9999999999999999	1.0
gc19_pc.promCore::gencode::TERT::ENSG00000164362.14	252	0.9190633948445684	11	0.9999999999999999	0.9999999999999999	11	11	0.9999999999999999	0.9999999999999999	11.0	11.0	6.052454545454546	1.3128372707768168	1.0	1.0
