binID	Length	Mu	nMut	PvalRaw	QvalRaw	nSample	nMutSample	PvalM	QvalM	nCaddAll	nCadd	fscore	MuAdj	Pval	Qval
gc19_pc.promCore::gencode::NOC4L::ENSG00000184967.2	660	1.1410266783152845e-06	2	2.546942810420657e-06	5.093885620841314e-06	2	2	2.546942810420657e-06	5.093885620841314e-06	2.0	2.0	5.7475	1.051005182485434e-06	2.1611696300986814e-06	4.322339260197363e-06
gc19_pc.promCore::gencode::AC104809.3::ENSG00000226321.3	1764	5.319895439361342e-06	2	0.0003888618422802045	0.0003888618422802045	2	2	0.0003888618422802045	0.0003888618422802045	2.0	2.0	2.7245	1.0337233419251573e-05	0.001442579375815673	0.001442579375815673
