binID	Length	Mu	nMut	PvalRaw	QvalRaw	nSample	nMutSample	PvalM	QvalM	nEigenAll	nEigen	fscore	MuAdj	Pval	Qval
gc19_pc.promCore::gencode::NOC4L::ENSG00000184967.2	660	1.1410266783152845e-06	2	2.546942810420657e-06	5.093885620841314e-06	2	2	2.546942810420657e-06	5.093885620841314e-06	2.0	2.0	4.85036	1.085295131986837e-06	2.304385940721209e-06	4.608771881442418e-06
gc19_pc.promCore::gencode::AC104809.3::ENSG00000226321.3	1764	5.319895439361342e-06	2	0.0003888618422802045	0.0003888618422802045	2	2	0.0003888618422802045	0.0003888618422802045	2.0	2.0	3.270975	7.5032929277925764e-06	0.0007676412069325515	0.0007676412069325515
