binID	Length	Mu	nMut	PvalRaw	QvalRaw	nSample	nMutSample	PvalM	QvalM	nEigenAll	nEigen	fscore	MuAdj	Pval	Qval
enhancers::chr7:25671800-25672600::NA::NA	411	9.0545716544017e-06	2	0.0011329775901521102	0.002907403959491491	2	2	0.0011329775901521102	0.002907403959491491	1.0	1.0	16.3511	7.270575557042067e-06	0.0007351429237904854	0.005881143390323884
enhancers::chr13:54362200-54363000::NA::NA	684	1.0922314913937803e-05	3	0.0001419377628008496	0.0011355021024067968	3	3	0.0001419377628008496	0.0011355021024067968	3.0	3.0	4.85036	2.9565727995323474e-05	0.002489048427479035	0.00995619370991614
enhancers::chr18:29562800-29564600::NA::NA	853	6.089718563222943e-06	2	0.0021798021290113157	0.002911697459540279	2	2	0.0021798021290113157	0.002911697459540279	2.0	2.0	7.1465	1.1187979987217514e-05	0.007087480257134822	0.013349416191856532
enhancers::chr7:8418000-8419200::NA::NA	482	1.0787418836197092e-05	2	0.0021837730946552094	0.002911697459540279	2	2	0.0021837730946552094	0.002911697459540279	1.0	1.0	6.75929	2.095387351861827e-05	0.007899809429321154	0.013349416191856532
enhancers::chr12:69822200-69824000::NA::NA	530	7.566425692229314e-06	2	0.0013124119658665767	0.002907403959491491	2	2	0.0013124119658665767	0.002907403959491491	2.0	2.0	4.85036	2.0481636509840057e-05	0.009067130852908821	0.013349416191856532
enhancers::chr12:64417800-64419200::NA::NA	415	1.017959930191428e-05	2	0.0014537019797457454	0.002907403959491491	2	2	0.0014537019797457454	0.002907403959491491	2.0	2.0	4.85036	2.7555263369830372e-05	0.010012062143892398	0.013349416191856532
enhancers::chr18:24556200-24558600::NA::NA	725	9.362830893416166e-06	2	0.00367156438619776	0.004196073584226011	2	2	0.00367156438619776	0.004196073584226011	2.0	2.0	6.93379	1.7729004568468117e-05	0.012497560541115772	0.01428292633270374
enhancers::chr12:54261400-54263800::NA::NA	1223	8.887616170385161e-06	2	0.00909051429282704	0.00909051429282704	2	2	0.00909051429282704	0.00909051429282704	2.0	2.0	4.85036	2.405798077522291e-05	0.056919742996728445	0.056919742996728445
