binID	Length	Mu	nMut	PvalRaw	QvalRaw	nSample	nMutSample	PvalM	QvalM	nEigenAll	nEigen	fscore	MuAdj	Pval	Qval
enhancers::chr7:25671800-25672600::NA::NA	411	8.659915357520353e-06	2	0.0010378167426942292	0.0029023942372415714	2	2	0.0010378167426942292	0.0029023942372415714	1.0	1.0	16.3511	6.953677250301805e-06	0.0006732118436613218	0.005385694749290575
enhancers::chr13:54362200-54363000::NA::NA	684	1.0760605841441293e-05	3	0.0001358720023780831	0.0010869760190246648	3	3	0.0001358720023780831	0.0010869760190246648	3.0	3.0	4.85036	2.912799602279933e-05	0.002386986446382006	0.009547945785528023
enhancers::chr12:69822200-69824000::NA::NA	530	6.879669396774039e-06	2	0.0010883978389655893	0.0029023942372415714	2	2	0.0010883978389655893	0.0029023942372415714	2.0	2.0	4.85036	1.8622648741176063e-05	0.007559427334779444	0.015795352026862084
enhancers::chr7:8418000-8419200::NA::NA	482	1.0816383747651714e-05	2	0.002195251934182791	0.0035124030946924656	2	2	0.002195251934182791	0.0035124030946924656	1.0	1.0	6.75929	2.1010136012947457e-05	0.00794044411641934	0.015795352026862084
enhancers::chr12:64417800-64419200::NA::NA	415	1.1179392106858846e-05	2	0.0017470156366524668	0.0034940312733049337	2	2	0.0017470156366524668	0.0034940312733049337	2.0	2.0	4.85036	3.0261612926273938e-05	0.011959916260442311	0.015795352026862084
enhancers::chr18:29562800-29564600::NA::NA	853	8.605256061382692e-06	2	0.0042729752874582526	0.004883400328523717	2	2	0.0042729752874582526	0.004883400328523717	2.0	2.0	7.1465	1.5809504429491836e-05	0.013682849916114072	0.015795352026862084
enhancers::chr18:24556200-24558600::NA::NA	725	9.875723157132403e-06	2	0.004071795280292023	0.004883400328523717	2	2	0.004071795280292023	0.004883400328523717	2.0	2.0	6.93379	1.870019259803632e-05	0.013820933023504324	0.015795352026862084
enhancers::chr12:54261400-54263800::NA::NA	1223	9.253852676129546e-06	2	0.009817429984180146	0.009817429984180146	2	2	0.009817429984180146	0.009817429984180146	2.0	2.0	4.85036	2.5049350186937885e-05	0.061083885032642365	0.061083885032642365
