binID	Length	Mu	nMut	PvalRaw	QvalRaw	nSample	nMutSample	PvalM	QvalM	nEigenAll	nEigen	fscore	MuAdj	Pval	Qval
enhancers::chr7:25671800-25672600::NA::NA	411	9.140863506491787e-06	2	0.0011543222031486292	0.0030781925417296776	2	2	0.0011543222031486292	0.0030781925417296776	1.0	1.0	16.3511	3.989209496322589e-06	0.000223907890171272	0.001676353043496331
enhancers::chr13:54362200-54363000::NA::NA	684	1.0767032975823595e-05	3	0.00013610980611999338	0.001088878448959947	3	3	0.00013610980611999338	0.001088878448959947	3.0	3.0	4.85036	1.5840491918642936e-05	0.0004190882608740828	0.001676353043496331
enhancers::chr12:69822200-69824000::NA::NA	530	6.748546134448373e-06	2	0.0010479328332928944	0.0030781925417296776	2	2	0.0010479328332928944	0.0030781925417296776	2.0	2.0	4.85036	9.928481759585345e-06	0.0022354627531010265	0.004997168196202366
enhancers::chr7:8418000-8419200::NA::NA	482	1.094735664611433e-05	2	0.0022475147343884246	0.0035960235750214795	2	2	0.0022475147343884246	0.0035960235750214795	1.0	1.0	6.75929	1.1557257294752305e-05	0.002498584098101183	0.004997168196202366
enhancers::chr12:64417800-64419200::NA::NA	415	1.1293462762740061e-05	2	0.001782122078464962	0.003564244156929924	2	2	0.001782122078464962	0.003564244156929924	2.0	2.0	4.85036	1.661497703484045e-05	0.0037846505775298066	0.005221227166050612
enhancers::chr18:24556200-24558600::NA::NA	725	9.404821364668071e-06	2	0.0037036008911406773	0.004938134521520903	2	2	0.0037036008911406773	0.004938134521520903	2.0	2.0	6.93379	9.678910221534897e-06	0.003915920374537959	0.005221227166050612
enhancers::chr18:29562800-29564600::NA::NA	853	9.110704559420918e-06	2	0.004771968513272293	0.005453678300882621	2	2	0.004771968513272293	0.005453678300882621	2.0	2.0	7.1465	9.097145908565015e-06	0.004758248486943771	0.0054379982707928815
enhancers::chr12:54261400-54263800::NA::NA	1223	7.6231027624096205e-06	2	0.0067769982096054	0.0067769982096054	2	2	0.0067769982096054	0.0067769982096054	2.0	2.0	4.85036	1.1215132151454891e-05	0.014127261647770891	0.014127261647770891
