binID	Length	Mu	nMut	PvalRaw	QvalRaw	nSample	nMutSample	PvalM	QvalM	nCaddAll	nCadd	fscore	MuAdj	Pval	Qval
enhancers::chr7:25671800-25672600::NA::NA	411	9.14086350649049e-06	2	0.0011543222031483063	0.0030781925417288167	2	2	0.0011543222031483063	0.0030781925417288167	2.0	2.0	13.695	9.001114087237371e-06	0.0011198513181136243	0.007152666012530779
enhancers::chr13:54362200-54363000::NA::NA	684	1.0767032975823615e-05	3	0.00013610980611999338	0.001088878448959947	3	3	0.00013610980611999338	0.001088878448959947	3.0	3.0	5.523	2.629009036295335e-05	0.0017881665031326947	0.007152666012530779
enhancers::chr12:64417800-64419200::NA::NA	415	1.1293462762740562e-05	2	0.0017821220784651173	0.0035642441569302347	2	2	0.0017821220784651173	0.0035642441569302347	2.0	2.0	9.5075	1.6018869710205964e-05	0.003525445166394154	0.007283613127511121
enhancers::chr12:69822200-69824000::NA::NA	530	6.748546134449547e-06	2	0.0010479328332932537	0.0030781925417288167	2	2	0.0010479328332932537	0.0030781925417288167	2.0	2.0	7.1355	1.2754307681926448e-05	0.0036418065637555605	0.007283613127511121
enhancers::chr12:54261400-54263800::NA::NA	1223	7.6231027624165805e-06	2	0.006776998209617282	0.006776998209617282	2	2	0.006776998209617282	0.006776998209617282	2.0	2.0	16.4	6.268433243317933e-06	0.004648032402253773	0.007436851843606036
enhancers::chr18:24556200-24558600::NA::NA	725	9.404821364665666e-06	2	0.0037036008911388385	0.004938134521518451	2	2	0.0037036008911388385	0.004938134521518451	2.0	2.0	7.682500000000001	1.6508935127350393e-05	0.010918880875896615	0.01455850783452882
enhancers::chr18:29562800-29564600::NA::NA	853	9.110704559419849e-06	2	0.0047719685132712126	0.005453678300881386	2	2	0.0047719685132712126	0.005453678300881386	2.0	2.0	7.416	1.6567360460373016e-05	0.014943445687307095	0.01707822364263668
enhancers::chr7:8418000-8419200::NA::NA	482	1.0947356646114424e-05	2	0.0022475147343884567	0.0035960235750215307	2	2	0.0022475147343884567	0.0035960235750215307	2.0	2.0	2.3725	6.222632095711563e-05	0.05886220307893218	0.05886220307893218
