binID	Length	Mu	nMut	PvalRaw	QvalRaw	nSample	nMutSample	PvalM	QvalM	nEigenAll	nEigen	fscore	MuAdj	Pval	Qval
enhancers::chr1:19447600-19451000::NA::NA	1020	8.344461315288163e-06	2	0.0027880581785781075	0.004066661267003286	2	2	0.0027880581785781075	0.004066661267003286	2.0	2.0	6.49273	7.0779962446269934e-06	0.002021488782191005	0.010107443910955026
enhancers::chr4:79450000-79451400::NA::NA	464	1.648268079343327e-05	2	0.0022624581593763985	0.004066661267003286	2	2	0.0022624581593763985	0.004066661267003286	2.0	2.0	3.91522	2.318521048501014e-05	0.004394434870894912	0.010986087177237279
enhancers::chr18:9884400-9885000::NA::NA	575	1.6023924402327758e-05	2	0.003253329013602629	0.004066661267003286	2	2	0.003253329013602629	0.004066661267003286	2.0	2.0	3.2172	2.7430276965166876e-05	0.009169123732684489	0.015281872887807482
enhancers::chr11:104969600-104972200::NA::NA	1166	1.6402460915855348e-05	2	0.013217884532693652	0.013217884532693652	2	2	0.013217884532693652	0.013217884532693652	2.0	2.0	4.85036	1.8624061764812814e-05	0.016782187931374398	0.020977734914217998
enhancers::chr19:4429600-4432000::NA::NA	1166	3.610302360704719e-06	3	8.807512718722116e-06	4.4037563593610575e-05	2	2	0.0006997582592319243	0.0034987912961596214	3.0	3.0	0.1906439666666667	0.00010429413225697667	0.2989444711808087	0.2989444711808087
