binID	Length	Mu	nMut	PvalRaw	QvalRaw	nSample	nMutSample	PvalM	QvalM	nCaddAll	nCadd	fscore	MuAdj	Pval	Qval
enhancers::chr1:19447600-19451000::NA::NA	1020	8.344461315289349e-06	2	0.0027880581785788804	0.004066661267003271	2	2	0.0027880581785788804	0.004066661267003271	2.0	2.0	5.064	6.7610898939106875e-06	0.0018480841633181438	0.009240420816590718
enhancers::chr18:9884400-9885000::NA::NA	575	1.6023924402327727e-05	2	0.0032533290136026174	0.004066661267003271	2	2	0.0032533290136026174	0.004066661267003271	2.0	2.0	3.4625	1.8988523961065963e-05	0.004522369961331358	0.011305924903328395
enhancers::chr4:79450000-79451400::NA::NA	464	1.648268079343292e-05	2	0.002262458159376304	0.004066661267003271	2	2	0.002262458159376304	0.004066661267003271	2.0	2.0	1.7650000000000001	3.8317330064325554e-05	0.01151280611145358	0.019188010185755968
enhancers::chr19:4429600-4432000::NA::NA	1166	3.610302360704386e-06	3	8.807512718719705e-06	4.403756359359852e-05	2	2	0.0006997582592317964	0.0034987912961589817	3.0	3.0	0.403	3.675789482929569e-05	0.05776618708765111	0.05986155271298093
enhancers::chr11:104969600-104972200::NA::NA	1166	1.6402460915855084e-05	2	0.013217884532693253	0.013217884532693253	2	2	0.013217884532693253	0.013217884532693253	2.0	2.0	1.794	3.7514457850526745e-05	0.05986155271298093	0.05986155271298093
