binID	Length	Mu	nMut	PvalRaw	QvalRaw	nSample	nMutSample	PvalM	QvalM	nEigenAll	nEigen	fscore	MuAdj	Pval	Qval
enhancers::chr1:19447600-19451000::NA::NA	1020	1.1845930305092779e-05	2	0.005500615888798969	0.006875769860998711	2	2	0.005500615888798969	0.006875769860998711	2.0	2.0	6.49273	1.1246632303938402e-05	0.004976182892643226	0.01350368255662373
enhancers::chr4:79450000-79451400::NA::NA	464	1.6385368332151424e-05	2	0.0022364243133938446	0.005442584880792589	2	2	0.0022364243133938446	0.005442584880792589	2.0	2.0	3.91522	2.579768315795138e-05	0.005401473022649492	0.01350368255662373
enhancers::chr18:9884400-9885000::NA::NA	575	1.6054845096694907e-05	2	0.0032655509284755537	0.005442584880792589	2	2	0.0032655509284755537	0.005442584880792589	2.0	2.0	3.2172	3.07615862291347e-05	0.011401410215791217	0.019002350359652028
enhancers::chr11:104969600-104972200::NA::NA	1166	1.6339328891696443e-05	2	0.013122040238716375	0.013122040238716375	2	2	0.013122040238716375	0.013122040238716375	2.0	2.0	4.85036	2.0765428990139526e-05	0.02055843725586257	0.02569804656982821
enhancers::chr19:4429600-4432000::NA::NA	1166	5.486156925931695e-06	3	3.0453170173063606e-05	0.00015226585086531802	2	2	0.0015948567486644722	0.005442584880792589	3.0	3.0	0.1906439666666667	0.0001773886493179485	0.5552373348996328	0.5552373348996328
