binID	Length	Mu	nMut	PvalRaw	QvalRaw	nSample	nMutSample	PvalM	QvalM	nEigenAll	nEigen	fscore	MuAdj	Pval	Qval
lncrna.ncrna::mitranscriptome::G015696::G015696	6058	6.375880329128011e-07	2	0.0018327276572144067	0.01649454891492966	2	2	0.0018327276572144067	0.01649454891492966	2.0	2.0	4.85036	1.1184759643450622e-06	0.005468548241672148	0.04921693417504933
lncrna.ncrna::gencode::COL6A4P1::ENSG00000230524.4	4570	5.301452235028328e-06	2	0.058269082259458115	0.0891789971733626	2	2	0.058269082259458115	0.1070147966080351	2.0	2.0	9.802545	4.60168069832024e-06	0.045377245271763726	0.18653779758403438
lncrna.ncrna::mitranscriptome::G043277::G043277	4252	4.603853914945995e-06	3	0.004056318762176135	0.01825343442979261	2	2	0.03991643913355639	0.1070147966080351	3.0	3.0	6.567798333333333	5.964337323482711e-06	0.06310407913271743	0.18653779758403438
lncrna.ncrna::gencode::AC010091.1::ENSG00000233491.2	4688	4.883190974643827e-06	2	0.05274545881934412	0.0891789971733626	2	2	0.05274545881934412	0.1070147966080351	2.0	2.0	6.55241	6.3410783179577615e-06	0.08290568781512639	0.18653779758403438
lncrna.ncrna::gencode::MALAT1::ENSG00000251562.3	8682	1.0433972742682175e-05	4	0.059452664782241725	0.0891789971733626	4	4	0.059452664782241725	0.1070147966080351	3.0	3.0	4.85036	1.830358652123195e-05	0.2515642266561388	0.45281560798104986
lncrna.ncrna::gencode::NEAT1::ENSG00000245532.4	22719	2.1636190976545477e-06	3	0.04549878856570565	0.0891789971733626	2	2	0.18635777960486488	0.209652502055473	1.0	1.0	4.85036	3.795485222125438e-06	0.4011301293075062	0.6016951939612594
lncrna.ncrna::mitranscriptome::G048956::G048956	9379	5.080567087290709e-06	2	0.17776385425407645	0.199984336035836	2	2	0.17776385425407645	0.209652502055473	2.0	2.0	0.8825942	4.897918943783009e-05	0.9946351500309913	0.9999981681872735
lncrna.ncrna::gencode::SNHG14::ENSG00000224078.8	31843	4.656770231049532e-06	2	0.685539297866761	0.685539297866761	2	2	0.685539297866761	0.685539297866761	2.0	2.0	1.8098415	2.1892972921438377e-05	0.999826031034327	0.9999981681872735
lncrna.ncrna::gencode::FENDRR::ENSG00000268388.1	6707	5.1439812766284625e-06	2	0.10636606103448357	0.13675636418719314	2	2	0.10636606103448357	0.15954909155172536	2.0	2.0	0.29273075	0.00014951732070552916	0.9999981681872735	0.9999981681872735
